id,session_id,distraction_type,timestamp,hour_of_day,day_of_week,focus_duration_minutes
1000,1,TAB_SWITCH,2026-05-31 02:21:16.034744,2,6,14.5
1001,1,TAB_SWITCH,2026-05-28 21:15:16.034744,21,3,11.3
1002,1,TAB_SWITCH,2026-05-30 12:57:16.034744,12,5,15.2
1003,1,TAB_SWITCH,2026-05-30 08:36:16.034744,8,5,19.6
1004,1,TAB_SWITCH,2026-05-31 04:02:16.034744,4,6,10.8
1005,1,FATIGUE_EYE_CLOSURE,2026-05-30 06:24:16.034744,6,5,20.1
1006,1,FATIGUE_EYE_CLOSURE,2026-05-28 21:00:16.034744,21,3,19.6
1007,1,TAB_SWITCH,2026-05-27 20:29:16.034744,20,2,15.8
1008,1,TAB_SWITCH,2026-05-27 21:35:16.034744,21,2,9.7
1009,1,FATIGUE_EYE_CLOSURE,2026-05-28 05:13:16.034744,5,3,18.7
1010,1,FATIGUE_EYE_CLOSURE,2026-05-28 17:03:16.034744,17,3,23.1
1011,1,FATIGUE_EYE_CLOSURE,2026-05-29 00:33:16.034744,0,4,21.8
1012,1,TAB_SWITCH,2026-05-31 05:20:16.034744,5,6,13.2
1013,1,TAB_SWITCH,2026-05-28 13:55:16.034744,13,3,2.4
1014,1,TAB_SWITCH,2026-05-28 21:26:16.034744,21,3,3.4
1015,1,TAB_SWITCH,2026-05-30 07:48:16.034744,7,5,9.2
1016,1,FATIGUE_EYE_CLOSURE,2026-05-31 04:08:16.034744,4,6,24.0
1017,1,FATIGUE_EYE_CLOSURE,2026-05-28 08:59:16.034744,8,3,18.1
1018,1,TAB_SWITCH,2026-05-28 15:35:16.034744,15,3,7.5
1019,1,TAB_SWITCH,2026-05-31 07:46:16.034744,7,6,4.9
1020,1,FATIGUE_EYE_CLOSURE,2026-05-29 00:42:16.034744,0,4,15.3
1021,1,TAB_SWITCH,2026-05-30 13:20:16.034744,13,5,10.9
1022,1,TAB_SWITCH,2026-05-27 20:36:16.034744,20,2,12.3
1023,1,TAB_SWITCH,2026-05-29 23:55:16.034744,23,4,4.9
1024,1,TAB_SWITCH,2026-05-29 01:07:16.034744,1,4,9.3
1025,1,FATIGUE_EYE_CLOSURE,2026-05-28 19:58:16.034744,19,3,14.8
1026,1,FATIGUE_EYE_CLOSURE,2026-05-30 13:58:16.034744,13,5,15.5
1027,1,TAB_SWITCH,2026-05-29 19:19:16.034744,19,4,13.9
1028,1,TAB_SWITCH,2026-05-29 21:36:16.034744,21,4,9.0
1029,1,FATIGUE_EYE_CLOSURE,2026-05-30 11:45:16.034744,11,5,18.4
1030,1,TAB_SWITCH,2026-05-31 10:00:16.034744,10,6,9.0
1031,1,TAB_SWITCH,2026-05-28 14:47:16.034744,14,3,21.3
1032,1,TAB_SWITCH,2026-05-28 10:49:16.034744,10,3,11.9
1033,1,FATIGUE_EYE_CLOSURE,2026-05-30 09:22:16.034744,9,5,17.2
1034,1,TAB_SWITCH,2026-05-27 21:48:16.034744,21,2,16.1
1035,1,TAB_SWITCH,2026-05-29 13:12:16.034744,13,4,5.9
1036,1,FATIGUE_EYE_CLOSURE,2026-05-28 06:18:16.034744,6,3,18.6
1037,1,TAB_SWITCH,2026-05-30 05:11:16.034744,5,5,2.2
1038,1,FATIGUE_EYE_CLOSURE,2026-05-27 18:14:16.034744,18,2,26.0
1039,1,TAB_SWITCH,2026-05-29 22:18:16.034744,22,4,13.0
1040,1,TAB_SWITCH,2026-05-31 03:20:16.034744,3,6,15.7
1041,1,TAB_SWITCH,2026-05-29 21:39:16.034744,21,4,12.9
1042,1,TAB_SWITCH,2026-05-29 05:10:16.034744,5,4,11.4
1043,1,TAB_SWITCH,2026-05-31 10:14:16.034744,10,6,10.5
1044,1,TAB_SWITCH,2026-05-31 14:52:16.034744,14,6,4.6
1045,1,TAB_SWITCH,2026-05-27 21:48:16.034744,21,2,8.4
1046,1,TAB_SWITCH,2026-05-27 23:31:16.034744,23,2,9.7
1047,1,TAB_SWITCH,2026-05-31 04:23:16.034744,4,6,17.3
1048,1,TAB_SWITCH,2026-05-31 06:25:16.034744,6,6,13.7
1049,1,FATIGUE_EYE_CLOSURE,2026-05-30 19:22:16.034744,19,5,19.6
1050,1,FATIGUE_EYE_CLOSURE,2026-05-30 08:02:16.034744,8,5,22.3
1051,1,FATIGUE_EYE_CLOSURE,2026-05-29 10:46:16.034744,10,4,21.4
1052,1,TAB_SWITCH,2026-05-27 19:19:16.034744,19,2,8.6
1053,1,TAB_SWITCH,2026-05-27 20:36:16.034744,20,2,15.1
1054,1,TAB_SWITCH,2026-05-28 07:58:16.034744,7,3,17.2
1055,1,FATIGUE_EYE_CLOSURE,2026-05-30 04:51:16.034744,4,5,20.4
1056,1,TAB_SWITCH,2026-05-30 16:39:16.034744,16,5,7.8
1057,1,TAB_SWITCH,2026-05-30 21:18:16.034744,21,5,10.5
1058,1,TAB_SWITCH,2026-05-28 02:49:16.034744,2,3,13.7
1059,1,TAB_SWITCH,2026-05-27 18:48:16.034744,18,2,16.9
1060,1,TAB_SWITCH,2026-05-30 03:23:16.034744,3,5,9.6
1061,1,TAB_SWITCH,2026-05-29 18:55:16.034744,18,4,11.1
1062,1,TAB_SWITCH,2026-05-30 23:55:16.034744,23,5,6.5
1063,1,TAB_SWITCH,2026-05-31 13:21:16.034744,13,6,6.0
1064,1,TAB_SWITCH,2026-05-30 02:29:16.034744,2,5,16.1
1065,1,TAB_SWITCH,2026-05-31 04:23:16.034744,4,6,18.8
1066,1,TAB_SWITCH,2026-05-29 23:56:16.034744,23,4,11.6
1067,1,TAB_SWITCH,2026-05-30 16:23:16.034744,16,5,17.0
1068,1,FATIGUE_EYE_CLOSURE,2026-05-30 08:13:16.034744,8,5,14.5
1069,1,TAB_SWITCH,2026-05-28 19:02:16.034744,19,3,8.8
1070,1,TAB_SWITCH,2026-05-31 10:54:16.034744,10,6,13.8
1071,1,TAB_SWITCH,2026-05-31 17:09:16.034744,17,6,19.7
1072,1,TAB_SWITCH,2026-05-29 15:44:16.034744,15,4,11.8
1073,1,TAB_SWITCH,2026-05-29 21:28:16.034744,21,4,19.8
1074,1,TAB_SWITCH,2026-05-30 08:47:16.034744,8,5,1.0
1075,1,TAB_SWITCH,2026-05-30 03:07:16.034744,3,5,16.1
1076,1,TAB_SWITCH,2026-05-28 13:38:16.034744,13,3,12.4
1077,1,TAB_SWITCH,2026-05-28 12:25:16.034744,12,3,10.5
1078,1,TAB_SWITCH,2026-05-29 16:28:16.034744,16,4,12.5
1079,1,TAB_SWITCH,2026-05-28 00:47:16.034744,0,3,2.1
1080,1,TAB_SWITCH,2026-05-30 00:01:16.034744,0,5,10.9
1081,1,TAB_SWITCH,2026-05-29 18:12:16.034744,18,4,13.8
1082,1,FATIGUE_EYE_CLOSURE,2026-05-28 11:59:16.034744,11,3,24.5
1083,1,TAB_SWITCH,2026-05-29 06:18:16.034744,6,4,9.4
1084,1,TAB_SWITCH,2026-05-29 18:53:16.034744,18,4,8.0
1085,1,FATIGUE_EYE_CLOSURE,2026-05-28 20:03:16.034744,20,3,23.0
1086,1,TAB_SWITCH,2026-05-30 23:14:16.034744,23,5,16.6
1087,1,TAB_SWITCH,2026-05-29 19:25:16.034744,19,4,13.6
1088,1,TAB_SWITCH,2026-05-31 12:57:16.034744,12,6,9.4
1089,1,TAB_SWITCH,2026-05-27 14:40:16.034744,14,2,14.6
1090,1,TAB_SWITCH,2026-05-31 14:38:16.034744,14,6,12.5
1091,1,TAB_SWITCH,2026-05-30 07:36:16.034744,7,5,16.8
1092,1,TAB_SWITCH,2026-05-30 08:51:16.034744,8,5,8.5
1093,1,TAB_SWITCH,2026-05-29 13:46:16.034744,13,4,10.4
1094,1,TAB_SWITCH,2026-05-30 11:18:16.034744,11,5,10.0
1095,1,TAB_SWITCH,2026-05-28 02:44:16.034744,2,3,4.7
1096,1,FATIGUE_EYE_CLOSURE,2026-05-31 07:15:16.034744,7,6,20.9
1097,1,TAB_SWITCH,2026-05-28 09:04:16.034744,9,3,13.3
1098,1,FATIGUE_EYE_CLOSURE,2026-05-28 17:36:16.034744,17,3,20.2
1099,1,TAB_SWITCH,2026-05-29 10:29:16.034744,10,4,10.8
1100,1,FATIGUE_EYE_CLOSURE,2026-05-31 00:14:16.034744,0,6,25.0
1101,1,TAB_SWITCH,2026-05-30 18:05:16.034744,18,5,9.9
1102,1,TAB_SWITCH,2026-05-29 22:53:16.034744,22,4,10.3
1103,1,FATIGUE_EYE_CLOSURE,2026-05-28 12:22:16.034744,12,3,27.4
1104,1,TAB_SWITCH,2026-05-30 23:29:16.034744,23,5,11.2
1105,1,TAB_SWITCH,2026-05-30 20:22:16.034744,20,5,14.0
1106,1,TAB_SWITCH,2026-05-31 00:29:16.034744,0,6,21.4
1107,1,TAB_SWITCH,2026-05-29 01:24:16.034744,1,4,12.9
1108,1,TAB_SWITCH,2026-05-29 17:31:16.034744,17,4,13.3
1109,1,FATIGUE_EYE_CLOSURE,2026-05-28 22:13:16.034744,22,3,28.0
1110,1,TAB_SWITCH,2026-05-31 17:17:16.034744,17,6,2.4
1111,1,TAB_SWITCH,2026-05-31 14:24:16.034744,14,6,11.9
1112,1,FATIGUE_EYE_CLOSURE,2026-05-30 10:26:16.034744,10,5,23.1
1113,1,TAB_SWITCH,2026-05-30 03:31:16.034744,3,5,24.3
1114,1,FATIGUE_EYE_CLOSURE,2026-05-29 15:35:16.034744,15,4,31.8
1115,1,TAB_SWITCH,2026-05-29 01:13:16.034744,1,4,13.5
1116,1,TAB_SWITCH,2026-05-29 14:01:16.034744,14,4,11.8
1117,1,TAB_SWITCH,2026-05-29 16:13:16.034744,16,4,6.2
1118,1,TAB_SWITCH,2026-05-28 08:01:16.034744,8,3,17.7
1119,1,TAB_SWITCH,2026-05-29 05:04:16.034744,5,4,15.8
1120,1,TAB_SWITCH,2026-05-30 00:18:16.034744,0,5,16.0
1121,1,TAB_SWITCH,2026-05-27 22:52:16.034744,22,2,7.5
1122,1,TAB_SWITCH,2026-05-28 01:10:16.034744,1,3,19.0
1123,1,FATIGUE_EYE_CLOSURE,2026-05-30 23:26:16.034744,23,5,27.4
1124,1,TAB_SWITCH,2026-05-31 08:32:16.034744,8,6,14.9
1125,1,FATIGUE_EYE_CLOSURE,2026-05-29 00:19:16.034744,0,4,20.0
1126,1,FATIGUE_EYE_CLOSURE,2026-05-29 22:11:16.034744,22,4,18.0
1127,1,TAB_SWITCH,2026-05-31 11:59:16.034744,11,6,9.2
1128,1,TAB_SWITCH,2026-05-29 12:28:16.034744,12,4,12.5
1129,1,TAB_SWITCH,2026-05-28 04:34:16.034744,4,3,9.5
1130,1,TAB_SWITCH,2026-05-30 01:45:16.034744,1,5,4.2
1131,1,TAB_SWITCH,2026-05-30 16:18:16.034744,16,5,12.3
1132,1,TAB_SWITCH,2026-05-30 03:55:16.034744,3,5,6.7
1133,1,FATIGUE_EYE_CLOSURE,2026-05-31 03:32:16.034744,3,6,20.3
1134,1,TAB_SWITCH,2026-05-29 18:08:16.034744,18,4,7.4
1135,1,FATIGUE_EYE_CLOSURE,2026-05-30 05:42:16.034744,5,5,15.4
1136,1,FATIGUE_EYE_CLOSURE,2026-05-28 19:24:16.034744,19,3,25.3
1137,1,TAB_SWITCH,2026-05-29 22:50:16.034744,22,4,10.4
1138,1,TAB_SWITCH,2026-05-30 05:22:16.034744,5,5,16.1
1139,1,TAB_SWITCH,2026-05-29 01:40:16.034744,1,4,5.8
1140,1,TAB_SWITCH,2026-05-29 09:22:16.034744,9,4,13.1
1141,1,TAB_SWITCH,2026-05-28 08:55:16.034744,8,3,18.5
1142,1,TAB_SWITCH,2026-05-28 11:48:16.034744,11,3,4.0
1143,1,FATIGUE_EYE_CLOSURE,2026-05-30 06:00:16.034744,6,5,16.0
1144,1,TAB_SWITCH,2026-05-30 17:17:16.034744,17,5,13.3
1145,1,TAB_SWITCH,2026-05-29 12:28:16.034744,12,4,15.9
1146,1,FATIGUE_EYE_CLOSURE,2026-05-29 03:47:16.034744,3,4,11.2
1147,1,TAB_SWITCH,2026-05-31 03:25:16.034744,3,6,5.4
1148,1,TAB_SWITCH,2026-05-29 07:09:16.034744,7,4,14.6
1149,1,FATIGUE_EYE_CLOSURE,2026-05-30 08:34:16.034744,8,5,24.8
1150,1,FATIGUE_EYE_CLOSURE,2026-05-30 18:37:16.034744,18,5,29.4
1151,1,TAB_SWITCH,2026-05-30 21:19:16.034744,21,5,13.7
1152,1,TAB_SWITCH,2026-05-31 07:08:16.034744,7,6,8.6
1153,1,TAB_SWITCH,2026-05-30 04:32:16.034744,4,5,13.2
1154,1,FATIGUE_EYE_CLOSURE,2026-05-28 23:05:16.034744,23,3,32.3
1155,1,TAB_SWITCH,2026-05-31 08:15:16.034744,8,6,8.4
1156,1,FATIGUE_EYE_CLOSURE,2026-05-27 15:16:16.034744,15,2,22.1
1157,1,TAB_SWITCH,2026-05-28 17:14:16.034744,17,3,14.4
1158,1,TAB_SWITCH,2026-05-31 00:12:16.034744,0,6,6.0
1159,1,FATIGUE_EYE_CLOSURE,2026-05-30 18:14:16.034744,18,5,21.4
1160,1,TAB_SWITCH,2026-05-29 02:33:16.034744,2,4,7.1
1161,1,TAB_SWITCH,2026-05-31 05:10:16.034744,5,6,15.9
1162,1,TAB_SWITCH,2026-05-28 04:04:16.034744,4,3,17.8
1163,1,TAB_SWITCH,2026-05-29 17:55:16.034744,17,4,7.9
1164,1,TAB_SWITCH,2026-05-30 12:44:16.034744,12,5,16.8
1165,1,FATIGUE_EYE_CLOSURE,2026-05-29 06:22:16.034744,6,4,22.4
1166,1,FATIGUE_EYE_CLOSURE,2026-05-27 19:31:16.034744,19,2,21.0
1167,1,TAB_SWITCH,2026-05-27 22:43:16.034744,22,2,21.5
1168,1,TAB_SWITCH,2026-05-30 14:15:16.034744,14,5,10.8
1169,1,TAB_SWITCH,2026-05-27 21:31:16.034744,21,2,8.2
1170,1,TAB_SWITCH,2026-05-31 00:21:16.034744,0,6,7.6
1171,1,TAB_SWITCH,2026-05-31 09:13:16.034744,9,6,7.9
1172,1,TAB_SWITCH,2026-05-31 14:21:16.034744,14,6,11.6
1173,1,FATIGUE_EYE_CLOSURE,2026-05-28 22:34:16.034744,22,3,20.5
1174,1,TAB_SWITCH,2026-05-29 22:27:16.034744,22,4,13.4
1175,1,FATIGUE_EYE_CLOSURE,2026-05-28 09:04:16.034744,9,3,18.9
1176,1,FATIGUE_EYE_CLOSURE,2026-05-30 22:33:16.034744,22,5,17.6
1177,1,TAB_SWITCH,2026-05-28 18:50:16.034744,18,3,19.3
1178,1,TAB_SWITCH,2026-05-31 04:33:16.034744,4,6,10.7
1179,1,FATIGUE_EYE_CLOSURE,2026-05-30 01:26:16.034744,1,5,27.1
1180,1,TAB_SWITCH,2026-05-28 21:28:16.034744,21,3,15.1
1181,1,TAB_SWITCH,2026-05-28 23:41:16.034744,23,3,7.7
1182,1,TAB_SWITCH,2026-05-29 18:54:16.034744,18,4,6.6
1183,1,TAB_SWITCH,2026-05-30 11:06:16.034744,11,5,14.4
1184,1,TAB_SWITCH,2026-05-28 08:24:16.034744,8,3,10.9
1185,1,TAB_SWITCH,2026-05-29 22:12:16.034744,22,4,15.6
1186,1,TAB_SWITCH,2026-05-31 10:38:16.034744,10,6,14.4
1187,1,TAB_SWITCH,2026-05-31 01:04:16.034744,1,6,11.6
1188,1,TAB_SWITCH,2026-05-28 09:23:16.034744,9,3,7.8
1189,1,FATIGUE_EYE_CLOSURE,2026-05-31 09:41:16.034744,9,6,23.8
1190,1,TAB_SWITCH,2026-05-31 13:57:16.034744,13,6,9.8
1191,1,TAB_SWITCH,2026-05-29 04:33:16.034744,4,4,16.3
1192,1,TAB_SWITCH,2026-05-29 07:39:16.034744,7,4,13.1
1193,1,FATIGUE_EYE_CLOSURE,2026-05-30 06:49:16.034744,6,5,24.5
1194,1,FATIGUE_EYE_CLOSURE,2026-05-29 08:10:16.034744,8,4,24.4
1195,1,FATIGUE_EYE_CLOSURE,2026-05-29 15:20:16.034744,15,4,20.8
1196,1,TAB_SWITCH,2026-05-29 20:55:16.034744,20,4,7.6
1197,1,TAB_SWITCH,2026-05-30 05:28:16.034744,5,5,12.8
1198,1,TAB_SWITCH,2026-05-31 08:41:16.034744,8,6,12.3
1199,1,TAB_SWITCH,2026-05-29 14:08:16.034744,14,4,6.3
1200,1,TAB_SWITCH,2026-05-28 10:35:16.034744,10,3,13.8
1201,1,TAB_SWITCH,2026-05-30 08:44:16.034744,8,5,14.8
1202,1,FATIGUE_EYE_CLOSURE,2026-05-30 18:35:16.034744,18,5,19.2
1203,1,FATIGUE_EYE_CLOSURE,2026-05-28 18:48:16.034744,18,3,16.4
1204,1,FATIGUE_EYE_CLOSURE,2026-05-29 00:34:16.034744,0,4,15.8
1205,1,FATIGUE_EYE_CLOSURE,2026-05-28 13:07:16.034744,13,3,24.4
1206,1,TAB_SWITCH,2026-05-29 19:58:16.034744,19,4,14.6
1207,1,TAB_SWITCH,2026-05-31 10:46:16.034744,10,6,14.6
1208,1,FATIGUE_EYE_CLOSURE,2026-05-28 18:37:16.034744,18,3,13.7
1209,1,TAB_SWITCH,2026-05-31 17:13:16.034744,17,6,31.3
1210,1,TAB_SWITCH,2026-05-29 04:18:16.034744,4,4,14.9
1211,1,FATIGUE_EYE_CLOSURE,2026-05-30 21:16:16.034744,21,5,21.6
1212,1,TAB_SWITCH,2026-05-27 23:46:16.034744,23,2,16.8
1213,1,TAB_SWITCH,2026-05-28 04:27:16.034744,4,3,15.3
1214,1,FATIGUE_EYE_CLOSURE,2026-05-30 08:45:16.034744,8,5,21.8
1215,1,TAB_SWITCH,2026-05-29 05:37:16.034744,5,4,15.8
1216,1,TAB_SWITCH,2026-05-27 16:03:16.034744,16,2,8.1
1217,1,FATIGUE_EYE_CLOSURE,2026-05-28 14:57:16.034744,14,3,22.6
1218,1,FATIGUE_EYE_CLOSURE,2026-05-31 09:33:16.034744,9,6,20.5
1219,1,TAB_SWITCH,2026-05-29 15:54:16.034744,15,4,12.4
1220,1,FATIGUE_EYE_CLOSURE,2026-05-30 05:11:16.034744,5,5,23.2
1221,1,TAB_SWITCH,2026-05-30 14:30:16.034744,14,5,2.7
1222,1,FATIGUE_EYE_CLOSURE,2026-05-29 16:56:16.034744,16,4,16.6
1223,1,FATIGUE_EYE_CLOSURE,2026-05-28 08:21:16.034744,8,3,25.0
1224,1,TAB_SWITCH,2026-05-29 09:02:16.034744,9,4,9.6
1225,1,FATIGUE_EYE_CLOSURE,2026-05-30 03:13:16.034744,3,5,21.3
1226,1,TAB_SWITCH,2026-05-31 08:03:16.034744,8,6,12.3
1227,1,TAB_SWITCH,2026-05-29 04:14:16.034744,4,4,6.6
1228,1,TAB_SWITCH,2026-05-28 14:53:16.034744,14,3,8.4
1229,1,TAB_SWITCH,2026-05-30 11:47:16.034744,11,5,15.4
1230,1,TAB_SWITCH,2026-05-31 08:23:16.034744,8,6,8.3
1231,1,FATIGUE_EYE_CLOSURE,2026-05-31 13:27:16.034744,13,6,18.1
1232,1,TAB_SWITCH,2026-05-29 13:56:16.034744,13,4,12.2
1233,1,TAB_SWITCH,2026-05-30 16:24:16.034744,16,5,8.7
1234,1,TAB_SWITCH,2026-05-29 03:07:16.034744,3,4,22.7
1235,1,FATIGUE_EYE_CLOSURE,2026-05-28 20:35:16.034744,20,3,23.9
1236,1,TAB_SWITCH,2026-05-29 14:35:16.034744,14,4,1.9
1237,1,TAB_SWITCH,2026-05-30 17:38:16.034744,17,5,12.9
1238,1,TAB_SWITCH,2026-05-30 03:47:16.034744,3,5,8.7
1239,1,TAB_SWITCH,2026-05-30 13:35:16.034744,13,5,16.3
1240,1,FATIGUE_EYE_CLOSURE,2026-05-28 00:12:16.034744,0,3,14.6
1241,1,TAB_SWITCH,2026-05-31 13:06:16.034744,13,6,11.4
1242,1,FATIGUE_EYE_CLOSURE,2026-05-29 07:16:16.034744,7,4,19.5
1243,1,TAB_SWITCH,2026-05-28 02:30:16.034744,2,3,16.3
1244,1,TAB_SWITCH,2026-05-30 07:43:16.034744,7,5,6.0
1245,1,TAB_SWITCH,2026-05-30 05:34:16.034744,5,5,10.3
1246,1,FATIGUE_EYE_CLOSURE,2026-05-28 11:09:16.034744,11,3,22.7
1247,1,FATIGUE_EYE_CLOSURE,2026-05-28 05:23:16.034744,5,3,19.0
1248,1,TAB_SWITCH,2026-05-31 05:25:16.034744,5,6,20.8
1249,1,FATIGUE_EYE_CLOSURE,2026-05-29 01:17:16.034744,1,4,16.4
1250,1,TAB_SWITCH,2026-05-29 19:08:16.034744,19,4,5.7
1251,1,FATIGUE_EYE_CLOSURE,2026-05-30 22:54:16.034744,22,5,16.6
1252,1,FATIGUE_EYE_CLOSURE,2026-05-31 11:46:16.034744,11,6,18.1
1253,1,TAB_SWITCH,2026-05-30 00:51:16.034744,0,5,17.2
1254,1,FATIGUE_EYE_CLOSURE,2026-05-27 16:35:16.034744,16,2,18.2
1255,1,TAB_SWITCH,2026-05-31 08:08:16.034744,8,6,9.6
1256,1,TAB_SWITCH,2026-05-30 10:02:16.034744,10,5,18.3
1257,1,TAB_SWITCH,2026-05-28 10:59:16.034744,10,3,8.5
1258,1,TAB_SWITCH,2026-05-28 13:10:16.034744,13,3,14.2
1259,1,TAB_SWITCH,2026-05-29 21:07:16.034744,21,4,15.9
1260,1,FATIGUE_EYE_CLOSURE,2026-05-30 12:18:16.034744,12,5,19.7
1261,1,TAB_SWITCH,2026-05-29 21:41:16.034744,21,4,11.7
1262,1,FATIGUE_EYE_CLOSURE,2026-05-30 19:22:16.034744,19,5,32.2
1263,1,TAB_SWITCH,2026-05-28 01:03:16.034744,1,3,6.9
1264,1,TAB_SWITCH,2026-05-30 23:11:16.034744,23,5,10.7
1265,1,FATIGUE_EYE_CLOSURE,2026-05-28 12:36:16.034744,12,3,19.2
1266,1,TAB_SWITCH,2026-05-31 16:07:16.034744,16,6,20.2
1267,1,FATIGUE_EYE_CLOSURE,2026-05-28 07:43:16.034744,7,3,29.1
1268,1,TAB_SWITCH,2026-05-28 23:50:16.034744,23,3,9.8
1269,1,TAB_SWITCH,2026-05-28 05:03:16.034744,5,3,12.7
1270,1,FATIGUE_EYE_CLOSURE,2026-05-31 00:53:16.034744,0,6,24.8
1271,1,TAB_SWITCH,2026-05-28 08:17:16.034744,8,3,4.8
1272,1,FATIGUE_EYE_CLOSURE,2026-05-31 07:29:16.034744,7,6,24.5
1273,1,TAB_SWITCH,2026-05-31 12:59:16.034744,12,6,12.1
1274,1,TAB_SWITCH,2026-05-31 12:57:16.034744,12,6,7.1
1275,1,TAB_SWITCH,2026-05-31 03:37:16.034744,3,6,14.3
1276,1,TAB_SWITCH,2026-05-29 07:58:16.034744,7,4,13.0
1277,1,TAB_SWITCH,2026-05-30 10:03:16.034744,10,5,9.0
1278,1,TAB_SWITCH,2026-05-31 10:25:16.034744,10,6,12.3
1279,1,TAB_SWITCH,2026-05-29 23:39:16.034744,23,4,10.1
1280,1,TAB_SWITCH,2026-05-28 13:11:16.034744,13,3,12.6
1281,1,TAB_SWITCH,2026-05-28 08:15:16.034744,8,3,15.3
1282,1,TAB_SWITCH,2026-05-28 10:23:16.034744,10,3,19.9
1283,1,TAB_SWITCH,2026-05-29 18:31:16.034744,18,4,5.8
1284,1,FATIGUE_EYE_CLOSURE,2026-05-30 06:57:16.034744,6,5,24.2
1285,1,TAB_SWITCH,2026-05-31 12:24:16.034744,12,6,2.2
1286,1,TAB_SWITCH,2026-05-28 12:02:16.034744,12,3,11.2
1287,1,TAB_SWITCH,2026-05-29 04:25:16.034744,4,4,14.9
1288,1,TAB_SWITCH,2026-05-30 21:45:16.034744,21,5,13.4
1289,1,FATIGUE_EYE_CLOSURE,2026-05-28 01:36:16.034744,1,3,15.4
1290,1,FATIGUE_EYE_CLOSURE,2026-05-28 12:05:16.034744,12,3,23.7
1291,1,TAB_SWITCH,2026-05-27 21:27:16.034744,21,2,9.5
1292,1,TAB_SWITCH,2026-05-28 23:53:16.034744,23,3,9.1
1293,1,TAB_SWITCH,2026-05-27 17:05:16.034744,17,2,16.2
1294,1,FATIGUE_EYE_CLOSURE,2026-05-29 17:24:16.034744,17,4,17.7
1295,1,FATIGUE_EYE_CLOSURE,2026-05-27 23:48:16.034744,23,2,26.2
1296,1,TAB_SWITCH,2026-05-29 02:16:16.034744,2,4,16.5
1297,1,TAB_SWITCH,2026-05-29 14:43:16.034744,14,4,13.5
1298,1,TAB_SWITCH,2026-05-27 17:41:16.034744,17,2,16.1
1299,1,TAB_SWITCH,2026-05-29 21:40:16.034744,21,4,15.1
1300,1,TAB_SWITCH,2026-05-29 16:42:16.034744,16,4,7.9
1301,1,TAB_SWITCH,2026-05-31 10:28:16.034744,10,6,9.2
1302,1,TAB_SWITCH,2026-05-29 02:00:16.034744,2,4,15.7
1303,1,TAB_SWITCH,2026-05-29 17:52:16.034744,17,4,15.1
1304,1,TAB_SWITCH,2026-05-27 20:19:16.034744,20,2,11.9
1305,1,TAB_SWITCH,2026-05-29 22:06:16.034744,22,4,12.6
1306,1,TAB_SWITCH,2026-05-30 12:12:16.034744,12,5,18.4
1307,1,TAB_SWITCH,2026-05-29 06:19:16.034744,6,4,9.0
1308,1,FATIGUE_EYE_CLOSURE,2026-05-31 00:48:16.034744,0,6,27.0
1309,1,TAB_SWITCH,2026-05-31 10:49:16.034744,10,6,11.0
1310,1,TAB_SWITCH,2026-05-29 12:36:16.034744,12,4,10.9
1311,1,TAB_SWITCH,2026-05-31 09:10:16.034744,9,6,17.5
1312,1,TAB_SWITCH,2026-05-28 02:40:16.034744,2,3,16.1
1313,1,FATIGUE_EYE_CLOSURE,2026-05-29 18:06:16.034744,18,4,22.8
1314,1,FATIGUE_EYE_CLOSURE,2026-05-29 08:22:16.034744,8,4,26.1
1315,1,TAB_SWITCH,2026-05-30 13:28:16.034744,13,5,12.1
1316,1,TAB_SWITCH,2026-05-28 06:31:16.034744,6,3,15.4
1317,1,TAB_SWITCH,2026-05-28 11:15:16.034744,11,3,10.4
1318,1,TAB_SWITCH,2026-05-31 03:58:16.034744,3,6,13.6
1319,1,FATIGUE_EYE_CLOSURE,2026-05-28 07:25:16.034744,7,3,26.3
1320,1,FATIGUE_EYE_CLOSURE,2026-05-31 12:09:16.034744,12,6,19.9
1321,1,FATIGUE_EYE_CLOSURE,2026-05-28 17:32:16.034744,17,3,27.6
1322,1,TAB_SWITCH,2026-05-28 22:15:16.034744,22,3,7.9
1323,1,FATIGUE_EYE_CLOSURE,2026-05-29 17:34:16.034744,17,4,20.5
1324,1,TAB_SWITCH,2026-05-28 03:56:16.034744,3,3,7.0
1325,1,TAB_SWITCH,2026-05-28 16:45:16.034744,16,3,5.9
1326,1,TAB_SWITCH,2026-05-28 19:41:16.034744,19,3,17.8
1327,1,TAB_SWITCH,2026-05-28 20:48:16.034744,20,3,16.0
1328,1,TAB_SWITCH,2026-05-30 19:56:16.034744,19,5,15.1
1329,1,TAB_SWITCH,2026-05-31 14:09:16.034744,14,6,15.1
1330,1,TAB_SWITCH,2026-05-28 18:23:16.034744,18,3,11.9
1331,1,TAB_SWITCH,2026-05-28 22:17:16.034744,22,3,7.5
1332,1,TAB_SWITCH,2026-05-30 16:37:16.034744,16,5,12.4
1333,1,TAB_SWITCH,2026-05-29 14:58:16.034744,14,4,8.6
1334,1,TAB_SWITCH,2026-05-29 14:40:16.034744,14,4,16.9
1335,1,TAB_SWITCH,2026-05-31 13:53:16.034744,13,6,11.3
1336,1,TAB_SWITCH,2026-05-28 09:17:16.034744,9,3,7.9
1337,1,TAB_SWITCH,2026-05-28 18:50:16.034744,18,3,10.4
1338,1,TAB_SWITCH,2026-05-29 22:11:16.034744,22,4,14.1
1339,1,TAB_SWITCH,2026-05-29 15:27:16.034744,15,4,9.2
1340,1,TAB_SWITCH,2026-05-31 15:54:16.034744,15,6,7.9
1341,1,FATIGUE_EYE_CLOSURE,2026-05-30 08:58:16.034744,8,5,24.7
1342,1,FATIGUE_EYE_CLOSURE,2026-05-28 10:39:16.034744,10,3,17.5
1343,1,TAB_SWITCH,2026-05-31 03:30:16.034744,3,6,9.5
1344,1,TAB_SWITCH,2026-05-27 14:54:16.034744,14,2,9.6
1345,1,TAB_SWITCH,2026-05-28 04:27:16.034744,4,3,13.2
1346,1,TAB_SWITCH,2026-05-29 03:37:16.034744,3,4,4.8
1347,1,TAB_SWITCH,2026-05-31 01:56:16.034744,1,6,5.0
1348,1,FATIGUE_EYE_CLOSURE,2026-05-30 06:05:16.034744,6,5,19.4
1349,1,TAB_SWITCH,2026-05-29 09:13:16.034744,9,4,10.9
1350,1,TAB_SWITCH,2026-05-31 10:48:16.034744,10,6,13.6
1351,1,TAB_SWITCH,2026-05-31 05:14:16.034744,5,6,19.4
1352,1,TAB_SWITCH,2026-05-29 05:45:16.034744,5,4,16.3
1353,1,TAB_SWITCH,2026-05-28 09:55:16.034744,9,3,11.2
1354,1,FATIGUE_EYE_CLOSURE,2026-05-29 10:39:16.034744,10,4,27.7
1355,1,FATIGUE_EYE_CLOSURE,2026-05-28 22:55:16.034744,22,3,19.7
1356,1,TAB_SWITCH,2026-05-30 18:37:16.034744,18,5,11.9
1357,1,FATIGUE_EYE_CLOSURE,2026-05-31 12:13:16.034744,12,6,23.9
1358,1,FATIGUE_EYE_CLOSURE,2026-05-29 10:53:16.034744,10,4,19.8
1359,1,TAB_SWITCH,2026-05-28 15:30:16.034744,15,3,7.9
1360,1,FATIGUE_EYE_CLOSURE,2026-05-27 18:30:16.034744,18,2,22.8
1361,1,TAB_SWITCH,2026-05-28 08:12:16.034744,8,3,19.7
1362,1,FATIGUE_EYE_CLOSURE,2026-05-27 21:43:16.034744,21,2,28.2
1363,1,TAB_SWITCH,2026-05-30 20:51:16.034744,20,5,14.0
1364,1,TAB_SWITCH,2026-05-29 03:08:16.034744,3,4,15.5
1365,1,TAB_SWITCH,2026-05-29 20:40:16.034744,20,4,10.0
1366,1,TAB_SWITCH,2026-05-31 02:54:16.034744,2,6,13.1
1367,1,TAB_SWITCH,2026-05-31 08:35:16.034744,8,6,12.1
1368,1,TAB_SWITCH,2026-05-28 19:52:16.034744,19,3,12.5
1369,1,TAB_SWITCH,2026-05-28 07:26:16.034744,7,3,8.1
1370,1,TAB_SWITCH,2026-05-27 20:09:16.034744,20,2,12.1
1371,1,FATIGUE_EYE_CLOSURE,2026-05-30 10:50:16.034744,10,5,18.8
1372,1,TAB_SWITCH,2026-05-31 05:27:16.034744,5,6,19.3
1373,1,TAB_SWITCH,2026-05-29 09:16:16.034744,9,4,16.8
1374,1,TAB_SWITCH,2026-05-30 03:24:16.034744,3,5,22.8
1375,1,FATIGUE_EYE_CLOSURE,2026-05-30 01:32:16.034744,1,5,29.2
1376,1,FATIGUE_EYE_CLOSURE,2026-05-31 03:29:16.034744,3,6,19.9
1377,1,TAB_SWITCH,2026-05-30 19:17:16.034744,19,5,12.9
1378,1,TAB_SWITCH,2026-05-27 20:18:16.034744,20,2,22.9
1379,1,FATIGUE_EYE_CLOSURE,2026-05-28 15:22:16.034744,15,3,26.8
1380,1,TAB_SWITCH,2026-05-31 15:02:16.034744,15,6,7.8
1381,1,TAB_SWITCH,2026-05-28 19:59:16.034744,19,3,9.0
1382,1,TAB_SWITCH,2026-05-30 07:46:16.034744,7,5,1.4
1383,1,FATIGUE_EYE_CLOSURE,2026-05-28 02:02:16.034744,2,3,26.2
1384,1,FATIGUE_EYE_CLOSURE,2026-05-28 11:50:16.034744,11,3,24.7
1385,1,TAB_SWITCH,2026-05-28 20:23:16.034744,20,3,12.8
1386,1,TAB_SWITCH,2026-05-28 18:17:16.034744,18,3,13.7
1387,1,FATIGUE_EYE_CLOSURE,2026-05-31 13:45:16.034744,13,6,20.6
1388,1,TAB_SWITCH,2026-05-28 23:12:16.034744,23,3,16.8
1389,1,TAB_SWITCH,2026-05-31 16:16:16.034744,16,6,9.1
1390,1,FATIGUE_EYE_CLOSURE,2026-05-31 11:54:16.034744,11,6,25.3
1391,1,TAB_SWITCH,2026-05-31 15:56:16.034744,15,6,14.5
1392,1,FATIGUE_EYE_CLOSURE,2026-05-29 00:58:16.034744,0,4,26.3
1393,1,TAB_SWITCH,2026-05-29 17:34:16.034744,17,4,21.2
1394,1,FATIGUE_EYE_CLOSURE,2026-05-28 23:16:16.034744,23,3,27.5
1395,1,TAB_SWITCH,2026-05-29 01:07:16.034744,1,4,9.7
1396,1,TAB_SWITCH,2026-05-31 10:28:16.034744,10,6,3.4
1397,1,FATIGUE_EYE_CLOSURE,2026-05-30 14:01:16.034744,14,5,22.6
1398,1,FATIGUE_EYE_CLOSURE,2026-05-29 12:49:16.034744,12,4,26.8
1399,1,TAB_SWITCH,2026-05-30 04:38:16.034744,4,5,18.2
1400,1,TAB_SWITCH,2026-05-27 20:19:16.034744,20,2,4.0
1401,1,TAB_SWITCH,2026-05-28 17:16:16.034744,17,3,9.0
1402,1,TAB_SWITCH,2026-05-28 07:40:16.034744,7,3,12.0
1403,1,TAB_SWITCH,2026-05-31 03:52:16.034744,3,6,12.2
1404,1,TAB_SWITCH,2026-05-28 08:24:16.034744,8,3,9.7
1405,1,TAB_SWITCH,2026-05-29 04:01:16.034744,4,4,15.1
1406,1,FATIGUE_EYE_CLOSURE,2026-05-30 16:48:16.034744,16,5,16.6
1407,1,TAB_SWITCH,2026-05-28 16:55:16.034744,16,3,11.3
1408,1,FATIGUE_EYE_CLOSURE,2026-05-30 08:53:16.034744,8,5,24.6
1409,1,TAB_SWITCH,2026-05-29 05:02:16.034744,5,4,14.6
1410,1,FATIGUE_EYE_CLOSURE,2026-05-30 21:28:16.034744,21,5,20.8
1411,1,TAB_SWITCH,2026-05-30 03:57:16.034744,3,5,6.4
1412,1,FATIGUE_EYE_CLOSURE,2026-05-28 01:15:16.034744,1,3,23.0
1413,1,TAB_SWITCH,2026-05-28 11:15:16.034744,11,3,18.4
1414,1,TAB_SWITCH,2026-05-28 20:40:16.034744,20,3,13.7
1415,1,TAB_SWITCH,2026-05-28 01:12:16.034744,1,3,8.3
1416,1,TAB_SWITCH,2026-05-31 14:37:16.034744,14,6,19.8
1417,1,TAB_SWITCH,2026-05-31 12:40:16.034744,12,6,12.6
1418,1,FATIGUE_EYE_CLOSURE,2026-05-29 10:27:16.034744,10,4,20.2
1419,1,TAB_SWITCH,2026-05-30 22:19:16.034744,22,5,12.3
1420,1,TAB_SWITCH,2026-05-30 08:56:16.034744,8,5,22.3
1421,1,FATIGUE_EYE_CLOSURE,2026-05-31 00:56:16.034744,0,6,17.9
1422,1,FATIGUE_EYE_CLOSURE,2026-05-30 08:07:16.034744,8,5,22.5
1423,1,TAB_SWITCH,2026-05-27 23:33:16.034744,23,2,16.9
1424,1,TAB_SWITCH,2026-05-28 13:57:16.034744,13,3,15.2
1425,1,TAB_SWITCH,2026-05-29 12:10:16.034744,12,4,18.8
1426,1,FATIGUE_EYE_CLOSURE,2026-05-31 14:55:16.034744,14,6,19.8
1427,1,TAB_SWITCH,2026-05-30 05:18:16.034744,5,5,15.4
1428,1,FATIGUE_EYE_CLOSURE,2026-05-31 01:29:16.034744,1,6,28.3
1429,1,TAB_SWITCH,2026-05-30 04:39:16.034744,4,5,3.2
1430,1,TAB_SWITCH,2026-05-27 15:06:16.034744,15,2,6.1
1431,1,TAB_SWITCH,2026-05-30 01:40:16.034744,1,5,1.8
1432,1,TAB_SWITCH,2026-05-28 22:51:16.034744,22,3,10.7
1433,1,TAB_SWITCH,2026-05-31 08:56:16.034744,8,6,15.6
1434,1,FATIGUE_EYE_CLOSURE,2026-05-30 10:44:16.034744,10,5,23.8
1435,1,FATIGUE_EYE_CLOSURE,2026-05-30 10:01:16.034744,10,5,20.0
1436,1,TAB_SWITCH,2026-05-28 21:27:16.034744,21,3,20.1
1437,1,TAB_SWITCH,2026-05-30 00:37:16.034744,0,5,5.1
1438,1,TAB_SWITCH,2026-05-30 09:59:16.034744,9,5,3.5
1439,1,TAB_SWITCH,2026-05-29 02:06:16.034744,2,4,11.7
1440,1,FATIGUE_EYE_CLOSURE,2026-05-29 23:24:16.034744,23,4,16.9
1441,1,TAB_SWITCH,2026-05-27 16:46:16.034744,16,2,11.8
1442,1,TAB_SWITCH,2026-05-29 08:14:16.034744,8,4,1.7
1443,1,TAB_SWITCH,2026-05-30 04:56:16.034744,4,5,11.6
1444,1,TAB_SWITCH,2026-05-28 17:08:16.034744,17,3,5.5
1445,1,TAB_SWITCH,2026-05-30 16:48:16.034744,16,5,15.3
1446,1,FATIGUE_EYE_CLOSURE,2026-05-31 04:22:16.034744,4,6,15.9
1447,1,TAB_SWITCH,2026-05-30 02:15:16.034744,2,5,7.3
1448,1,FATIGUE_EYE_CLOSURE,2026-05-30 10:11:16.034744,10,5,21.8
1449,1,FATIGUE_EYE_CLOSURE,2026-05-31 16:25:16.034744,16,6,23.0
1450,1,TAB_SWITCH,2026-05-30 18:34:16.034744,18,5,11.7
1451,1,TAB_SWITCH,2026-05-27 20:22:16.034744,20,2,16.8
1452,1,TAB_SWITCH,2026-05-31 08:32:16.034744,8,6,7.1
1453,1,TAB_SWITCH,2026-05-29 17:24:16.034744,17,4,14.5
1454,1,TAB_SWITCH,2026-05-31 09:18:16.034744,9,6,9.3
1455,1,FATIGUE_EYE_CLOSURE,2026-05-29 07:09:16.034744,7,4,26.5
1456,1,TAB_SWITCH,2026-05-28 13:00:16.034744,13,3,11.5
1457,1,TAB_SWITCH,2026-05-29 03:15:16.034744,3,4,6.8
1458,1,FATIGUE_EYE_CLOSURE,2026-05-30 06:56:16.034744,6,5,24.3
1459,1,TAB_SWITCH,2026-05-27 18:56:16.034744,18,2,6.0
1460,1,FATIGUE_EYE_CLOSURE,2026-05-29 10:04:16.034744,10,4,24.6
1461,1,TAB_SWITCH,2026-05-29 23:31:16.034744,23,4,12.2
1462,1,TAB_SWITCH,2026-05-30 15:07:16.034744,15,5,8.5
1463,1,TAB_SWITCH,2026-05-30 19:23:16.034744,19,5,13.1
1464,1,TAB_SWITCH,2026-05-28 05:18:16.034744,5,3,11.4
1465,1,TAB_SWITCH,2026-05-28 23:47:16.034744,23,3,10.9
1466,1,FATIGUE_EYE_CLOSURE,2026-05-29 11:39:16.034744,11,4,19.3
1467,1,TAB_SWITCH,2026-05-30 03:29:16.034744,3,5,15.8
1468,1,TAB_SWITCH,2026-05-27 21:21:16.034744,21,2,9.3
1469,1,FATIGUE_EYE_CLOSURE,2026-05-30 16:38:16.034744,16,5,16.3
1470,1,FATIGUE_EYE_CLOSURE,2026-05-31 02:37:16.034744,2,6,22.5
1471,1,FATIGUE_EYE_CLOSURE,2026-05-31 09:43:16.034744,9,6,19.3
1472,1,FATIGUE_EYE_CLOSURE,2026-05-28 03:50:16.034744,3,3,25.4
1473,1,FATIGUE_EYE_CLOSURE,2026-05-29 13:18:16.034744,13,4,19.4
1474,1,TAB_SWITCH,2026-05-31 02:27:16.034744,2,6,20.2
1475,1,FATIGUE_EYE_CLOSURE,2026-05-29 14:26:16.034744,14,4,14.4
1476,1,TAB_SWITCH,2026-05-30 11:44:16.034744,11,5,14.9
1477,1,TAB_SWITCH,2026-05-29 08:47:16.034744,8,4,13.6
1478,1,FATIGUE_EYE_CLOSURE,2026-05-29 08:31:16.034744,8,4,15.7
1479,1,TAB_SWITCH,2026-05-29 19:02:16.034744,19,4,17.6
1480,1,TAB_SWITCH,2026-05-28 12:43:16.034744,12,3,11.4
1481,1,FATIGUE_EYE_CLOSURE,2026-05-29 17:01:16.034744,17,4,23.7
1482,1,TAB_SWITCH,2026-05-28 23:57:16.034744,23,3,4.0
1483,1,TAB_SWITCH,2026-05-31 06:03:16.034744,6,6,13.0
1484,1,FATIGUE_EYE_CLOSURE,2026-05-31 13:45:16.034744,13,6,22.0
1485,1,FATIGUE_EYE_CLOSURE,2026-05-27 16:23:16.034744,16,2,17.4
1486,1,TAB_SWITCH,2026-05-28 01:48:16.034744,1,3,8.8
1487,1,TAB_SWITCH,2026-05-31 00:56:16.034744,0,6,6.6
1488,1,TAB_SWITCH,2026-05-30 09:01:16.034744,9,5,20.4
1489,1,TAB_SWITCH,2026-05-28 19:50:16.034744,19,3,16.4
1490,1,TAB_SWITCH,2026-05-28 20:27:16.034744,20,3,12.0
1491,1,TAB_SWITCH,2026-05-29 09:40:16.034744,9,4,19.4
1492,1,TAB_SWITCH,2026-05-28 19:53:16.034744,19,3,12.4
1493,1,TAB_SWITCH,2026-05-29 09:47:16.034744,9,4,7.7
1494,1,TAB_SWITCH,2026-05-29 23:37:16.034744,23,4,19.6
1495,1,TAB_SWITCH,2026-05-30 21:15:16.034744,21,5,14.7
1496,1,FATIGUE_EYE_CLOSURE,2026-05-29 15:01:16.034744,15,4,29.2
1497,1,FATIGUE_EYE_CLOSURE,2026-05-30 13:09:16.034744,13,5,24.6
1498,1,FATIGUE_EYE_CLOSURE,2026-05-31 02:14:16.034744,2,6,19.7
1499,1,TAB_SWITCH,2026-05-27 18:54:16.034744,18,2,5.1
